学生画像类别,上网时长,月均上网时长,跑步次数,锻炼次数,体测分,BMI,肺活量,视频学习时长,测验平均分,作业平均分,考试平均分,作业提交次数,作业完成次数,自律指数,学习稳定性指数
0,2979.042517321016,429.04075008248105,426.21939953810625,218.5827559661278,66.45880805748011,22.571197273913892,4073.000641519117,88.23248652809853,13.709241832276186,63.70547833301007,2.9195569311679543,15.844495765973827,15.844495765973827,143.42040030792919,-27.58675442594213
1,87.93133333333334,17.282755555555557,3.683333333333333,0.36666666666666664,0.0,0.0,0.0,3.4,7.490575357968093,0.0,3.4392876614126617,0.0,0.0,0.8183333333333334,-8.386287761833136
2,2976.1800000000003,445.05231504065046,357.6341463414634,189.6829268292683,65.59853658536585,21.468303158820333,3736.354471544715,131.0731707317073,17.26128426133816,56.234014521760315,3.989851176317936,120.70731707317073,120.70731707317073,111.33170731707318,-32.01611900194635
3,3125.984827272727,445.3842505772006,436.39272727272726,225.21545454545455,68.29178787878787,21.65518155317871,3821.6163636363635,91.28363636363636,18.723664047165414,56.95285426414033,4.350150866594211,22.05272727272727,22.05272727272727,160.27700000000002,-33.530831227563155
