accuracy,macro_f1,macro_recall,macro_precision,macro_auc_ovr,model
0.918,0.9179847881553039,0.918597742127154,0.9180946336647627,0.9851393655607877,logistic
0.876,0.8769255087179847,0.8764705882352941,0.8775894742307293,0.9761110667695391,rf
0.888,0.888324373736273,0.8885918003565063,0.8892596547621267,0.9730763295820365,extratrees
