model,accuracy,macro_precision,macro_recall,macro_f1,macro_auc_ovr
rf_calibrated,0.746,0.7481094978826377,0.7469399881164587,0.7468713947840132,0.6227166307499933
extratrees_calibrated,0.72,0.7231775705822439,0.7209744503862151,0.7211646940429338,0.6233599382765318
logistic,0.424,0.4135646335957411,0.42602495543672014,0.4123520943197357,0.5150908558810228
