accuracy,macro_f1,macro_recall,macro_precision,macro_auc_ovr,model
0.958,0.958284990296062,0.9579916815210933,0.9592330963351047,0.9957154512641782,logistic
0.9,0.9016767013992174,0.8999405822935235,0.9074773417215459,0.9872875373577745,rf
0.882,0.8843009459206496,0.8819370172311348,0.8917163914325336,0.9794995610184372,extratrees
