mae,rmse,r2,model
0.5224746091576851,0.8366629504311263,0.9829688885111295,rf_reg
0.5212511107349224,0.856571990540698,0.9821487079729663,extratrees_reg
